,env,algo,lr,beta,epsilon,avg_return,total_time,asymptotic_return
0,BeamRider,sgd,0.09411110586084491,0.5986653183647782,0.0008657891655667722,1207.7335984095428,22355.746606826782,1532.6
1,SpaceInvaders,sgd,0.09411110586084491,0.5986653183647782,0.0008657891655667722,408.2181096220662,6289.477112054825,582.0
2,Breakout,sgd,0.09411110586084491,0.5986653183647782,0.0008657891655667722,21.733853904282117,9368.671886444092,59.24
3,Qbert,sgd,0.09411110586084491,0.5986653183647782,0.0008657891655667722,1213.3846693278672,7133.737386226654,2968.5
4,BeamRider,adam,2.3236233306773985e-05,0.5986653183647782,0.0008657891655667722,464.6272577996716,6517.251286029816,492.72
5,SpaceInvaders,adam,2.3236233306773985e-05,0.5986653183647782,0.0008657891655667722,289.97755115130525,6480.55393409729,309.1
6,Breakout,adam,2.3236233306773985e-05,0.5986653183647782,0.0008657891655667722,2.707868598876496,7542.691040754318,3.21
7,Qbert,adam,2.3236233306773985e-05,0.5986653183647782,0.0008657891655667722,358.30359212050985,6999.183306932449,535.25
8,BeamRider,tdprop,2.3236233306773985e-05,0.5986653183647782,0.0008657891655667722,464.6708969302006,10202.082765817642,474.96
9,SpaceInvaders,tdprop,2.3236233306773985e-05,0.5986653183647782,0.0008657891655667722,302.0479129549504,8273.065215110779,295.45
10,Breakout,tdprop,2.3236233306773985e-05,0.5986653183647782,0.0008657891655667722,2.80452396325842,9728.478142261505,2.22
11,Qbert,tdprop,2.3236233306773985e-05,0.5986653183647782,0.0008657891655667722,283.99379524301963,8780.750562429428,368.0
12,BeamRider,sgd,0.03493746574939022,0.15204230515702444,2.8955830632837128e-06,899.7289167412713,6194.165494680405,1208.52
13,SpaceInvaders,sgd,0.03493746574939022,0.15204230515702444,2.8955830632837128e-06,296.86422413793105,6375.397582292557,347.75
14,Breakout,sgd,0.03493746574939022,0.15204230515702444,2.8955830632837128e-06,9.504850457151713,7201.472547531128,20.14
15,Qbert,sgd,0.03493746574939022,0.15204230515702444,2.8955830632837128e-06,570.1225354243356,6610.800036907196,629.5
16,BeamRider,adam,1.741721877129104e-05,0.15204230515702444,2.8955830632837128e-06,445.497341888176,6312.48952794075,432.56
17,SpaceInvaders,adam,1.741721877129104e-05,0.15204230515702444,2.8955830632837128e-06,216.05843124801524,5618.069917678833,189.75
18,Breakout,adam,1.741721877129104e-05,0.15204230515702444,2.8955830632837128e-06,3.9944433010907594,6512.652897119522,3.32
19,Qbert,adam,1.741721877129104e-05,0.15204230515702444,2.8955830632837128e-06,363.1501916354294,4788.223957777023,454.25
20,BeamRider,tdprop,1.741721877129104e-05,0.15204230515702444,2.8955830632837128e-06,712.5343328335832,7373.531002998352,954.48
21,SpaceInvaders,tdprop,1.741721877129104e-05,0.15204230515702444,2.8955830632837128e-06,326.39450542396816,7445.339840173721,376.6
22,Breakout,tdprop,1.741721877129104e-05,0.15204230515702444,2.8955830632837128e-06,5.393372115464145,7978.47624206543,7.3
23,Qbert,tdprop,1.741721877129104e-05,0.15204230515702444,2.8955830632837128e-06,521.3115322394268,7493.894520282745,530.75
24,BeamRider,sgd,0.35237674528431495,0.7925277753091199,0.0006051871065388518,1246.1152448520506,5534.856048345566,1456.6
25,SpaceInvaders,sgd,0.35237674528431495,0.7925277753091199,0.0006051871065388518,412.9072948328267,5490.137451887131,531.6
26,Breakout,sgd,0.35237674528431495,0.7925277753091199,0.0006051871065388518,38.92967741935484,6935.69026350975,143.09
27,Qbert,sgd,0.35237674528431495,0.7925277753091199,0.0006051871065388518,1235.851963915504,6643.210453987122,1538.5
28,BeamRider,adam,0.004724685089961481,0.7925277753091199,0.0006051871065388518,511.1255924170616,6948.143933534622,533.64
29,SpaceInvaders,adam,0.004724685089961481,0.7925277753091199,0.0006051871065388518,231.30272721625147,6656.355228662491,216.95
30,Breakout,adam,0.004724685089961481,0.7925277753091199,0.0006051871065388518,20.52284232235485,6946.087257862091,26.37
31,Qbert,adam,0.004724685089961481,0.7925277753091199,0.0006051871065388518,429.3897506463181,5742.180767059326,350.75
32,BeamRider,tdprop,0.004724685089961481,0.7925277753091199,0.0006051871065388518,1333.325826882477,7399.516902685165,1627.76
33,SpaceInvaders,tdprop,0.004724685089961481,0.7925277753091199,0.0006051871065388518,422.8873563218391,6513.991963863373,615.8
34,Breakout,tdprop,0.004724685089961481,0.7925277753091199,0.0006051871065388518,40.61549022774996,6659.51761674881,32.03
35,Qbert,tdprop,0.004724685089961481,0.7925277753091199,0.0006051871065388518,143.74502322495024,7835.2887570858,151.0
36,BeamRider,sgd,0.0005202965540346114,0.2898943465468121,1.1013021462064584e-05,267.05770147830236,5498.442851305008,344.52
37,SpaceInvaders,sgd,0.0005202965540346114,0.2898943465468121,1.1013021462064584e-05,275.211672008547,5548.417950630188,253.15
38,Breakout,sgd,0.0005202965540346114,0.2898943465468121,1.1013021462064584e-05,2.394501216545012,6723.021076202393,2.46
39,Qbert,sgd,0.0005202965540346114,0.2898943465468121,1.1013021462064584e-05,262.040400982272,5158.386618852615,271.25
40,BeamRider,adam,0.00029532798176033027,0.2898943465468121,1.1013021462064584e-05,351.32684193443686,4809.9714448452,381.28
41,SpaceInvaders,adam,0.00029532798176033027,0.2898943465468121,1.1013021462064584e-05,251.46326975117154,5573.617081642151,283.05
42,Breakout,adam,0.00029532798176033027,0.2898943465468121,1.1013021462064584e-05,36.24916356290638,5851.25489115715,61.78
43,Qbert,adam,0.00029532798176033027,0.2898943465468121,1.1013021462064584e-05,494.20068714632174,5861.123216629028,629.0
44,BeamRider,tdprop,0.00029532798176033027,0.2898943465468121,1.1013021462064584e-05,1182.5596539162113,7082.544897079468,1633.14
45,SpaceInvaders,tdprop,0.00029532798176033027,0.2898943465468121,1.1013021462064584e-05,317.57022471910113,6860.562144756317,323.55
46,Breakout,tdprop,0.00029532798176033027,0.2898943465468121,1.1013021462064584e-05,34.28942929434917,7147.611346960068,41.71
47,Qbert,tdprop,0.00029532798176033027,0.2898943465468121,1.1013021462064584e-05,369.51675409065996,9788.5500831604,336.25
48,BeamRider,sgd,0.0011185010107418476,0.26146020014429006,4.5339935496049307e-07,245.80880629499413,5879.02271771431,291.36
49,SpaceInvaders,sgd,0.0011185010107418476,0.26146020014429006,4.5339935496049307e-07,269.98437181490795,4711.229252576828,261.7
50,Breakout,sgd,0.0011185010107418476,0.26146020014429006,4.5339935496049307e-07,2.320682955742887,6824.778941631317,2.02
51,Qbert,sgd,0.0011185010107418476,0.26146020014429006,4.5339935496049307e-07,312.70484053951844,5966.61550951004,339.5
52,BeamRider,adam,0.007698552674514978,0.26146020014429006,4.5339935496049307e-07,455.13372634191745,5563.86257481575,472.28
53,SpaceInvaders,adam,0.007698552674514978,0.26146020014429006,4.5339935496049307e-07,190.32891609222725,5703.198999643326,188.7
54,Breakout,adam,0.007698552674514978,0.26146020014429006,4.5339935496049307e-07,1.3528742643301077,6504.91302895546,1.75
55,Qbert,adam,0.007698552674514978,0.26146020014429006,4.5339935496049307e-07,172.14850600575758,5814.54200553894,195.25
56,BeamRider,tdprop,0.007698552674514978,0.26146020014429006,4.5339935496049307e-07,516.0948,7919.66205739975,105.64
57,SpaceInvaders,tdprop,0.007698552674514978,0.26146020014429006,4.5339935496049307e-07,259.80339700118213,7375.47408413887,228.55
58,Breakout,tdprop,0.007698552674514978,0.26146020014429006,4.5339935496049307e-07,1.400182852184154,8383.65404701233,0.78
59,Qbert,tdprop,0.007698552674514978,0.26146020014429006,4.5339935496049307e-07,145.7282304049483,7617.601384401321,158.0
60,BeamRider,sgd,0.020771273296967884,0.9786489928009657,7.102862491523287e-06,442.190458087816,6434.020263433456,627.6
61,SpaceInvaders,sgd,0.020771273296967884,0.9786489928009657,7.102862491523287e-06,339.3737314214627,5962.092408895493,384.65
62,Breakout,sgd,0.020771273296967884,0.9786489928009657,7.102862491523287e-06,4.159596101255172,5467.939032077789,6.89
63,Qbert,sgd,0.020771273296967884,0.9786489928009657,7.102862491523287e-06,532.4956221307208,6429.395509004593,698.0
64,BeamRider,adam,0.000320047138086069,0.9786489928009657,7.102862491523287e-06,1306.0067934782608,6006.448986291885,1556.2
65,SpaceInvaders,adam,0.000320047138086069,0.9786489928009657,7.102862491523287e-06,462.13551678249297,6144.228434801102,719.3
66,Breakout,adam,0.000320047138086069,0.9786489928009657,7.102862491523287e-06,85.01385508331774,6455.8560671806335,272.75
67,Qbert,adam,0.000320047138086069,0.9786489928009657,7.102862491523287e-06,1809.9914602903502,5634.760737657547,4814.25
68,BeamRider,tdprop,0.000320047138086069,0.9786489928009657,7.102862491523287e-06,1249.0812337098175,6707.074007511139,1500.28
69,SpaceInvaders,tdprop,0.000320047138086069,0.9786489928009657,7.102862491523287e-06,509.55291454442556,9766.695203065872,658.2
70,Breakout,tdprop,0.000320047138086069,0.9786489928009657,7.102862491523287e-06,28.363548163548163,9318.60943031311,95.22
71,Qbert,tdprop,0.000320047138086069,0.9786489928009657,7.102862491523287e-06,1960.4372334832642,8679.400340080261,3682.5
72,BeamRider,sgd,0.00037149533937161675,0.8365161813937371,2.1784628769647395e-05,230.9574795081967,6452.352747917175,257.84
73,SpaceInvaders,sgd,0.00037149533937161675,0.8365161813937371,2.1784628769647395e-05,288.28257887517145,4606.533725261688,280.05
74,Breakout,sgd,0.00037149533937161675,0.8365161813937371,2.1784628769647395e-05,2.6145351348016534,6834.824435472488,1.88
75,Qbert,sgd,0.00037149533937161675,0.8365161813937371,2.1784628769647395e-05,160.3417687621343,5325.246600866318,142.0
76,BeamRider,adam,0.00021865536161970052,0.8365161813937371,2.1784628769647395e-05,1227.41536,6774.133026599884,1490.16
77,SpaceInvaders,adam,0.00021865536161970052,0.8365161813937371,2.1784628769647395e-05,390.22643686449845,6516.062042236328,487.3
78,Breakout,adam,0.00021865536161970052,0.8365161813937371,2.1784628769647395e-05,54.0422475408676,7270.747409105301,130.03
79,Qbert,adam,0.00021865536161970052,0.8365161813937371,2.1784628769647395e-05,1694.962362478286,6540.893934726715,3534.75
80,BeamRider,tdprop,0.00021865536161970052,0.8365161813937371,2.1784628769647395e-05,1171.6285310734463,8446.895018339157,1389.44
81,SpaceInvaders,tdprop,0.00021865536161970052,0.8365161813937371,2.1784628769647395e-05,432.6119574370359,7016.930547714233,586.8
82,Breakout,tdprop,0.00021865536161970052,0.8365161813937371,2.1784628769647395e-05,24.553678805486115,11741.083186864853,52.55
83,Qbert,tdprop,0.00021865536161970052,0.8365161813937371,2.1784628769647395e-05,1179.9448287220027,7110.517805099487,2435.75
84,BeamRider,sgd,0.0006584508678123353,0.5131671573460156,0.0002678407011491789,642.2328690807799,6015.377964019775,682.88
85,SpaceInvaders,sgd,0.0006584508678123353,0.5131671573460156,0.0002678407011491789,240.5031504818384,5534.211500406265,248.25
86,Breakout,sgd,0.0006584508678123353,0.5131671573460156,0.0002678407011491789,2.368336085121996,6408.833133459091,3.21
87,Qbert,sgd,0.0006584508678123353,0.5131671573460156,0.0002678407011491789,235.3295985702502,5910.14376449585,251.25
88,BeamRider,adam,0.00014059192433399343,0.5131671573460156,0.0002678407011491789,965.2278249292727,5522.927161693573,1204.36
89,SpaceInvaders,adam,0.00014059192433399343,0.5131671573460156,0.0002678407011491789,300.75299008168025,6168.022050142288,279.05
90,Breakout,adam,0.00014059192433399343,0.5131671573460156,0.0002678407011491789,2.663787051482059,6718.034940481186,4.03
91,Qbert,adam,0.00014059192433399343,0.5131671573460156,0.0002678407011491789,576.6074171604125,5767.265577077866,696.0
92,BeamRider,tdprop,0.00014059192433399343,0.5131671573460156,0.0002678407011491789,931.1152027867629,9217.979302883148,1183.56
93,SpaceInvaders,tdprop,0.00014059192433399343,0.5131671573460156,0.0002678407011491789,403.3639282473651,8467.231838941574,463.2
94,Breakout,tdprop,0.00014059192433399343,0.5131671573460156,0.0002678407011491789,14.583119767640527,11751.789377689362,26.34
95,Qbert,tdprop,0.00014059192433399343,0.5131671573460156,0.0002678407011491789,552.890317323797,12155.757115125656,624.0
96,BeamRider,sgd,0.13484567229788574,0.5510330808675515,0.008168359833188872,904.4800988875154,8777.64252614975,1234.72
97,SpaceInvaders,sgd,0.13484567229788574,0.5510330808675515,0.008168359833188872,438.96197746812925,6408.591171979904,590.8
98,Breakout,sgd,0.13484567229788574,0.5510330808675515,0.008168359833188872,19.281790544082188,5135.196550607681,81.52
99,Qbert,sgd,0.13484567229788574,0.5510330808675515,0.008168359833188872,1604.1350152481286,6523.44887304306,2993.5
100,BeamRider,adam,0.00504120405133988,0.5510330808675515,0.008168359833188872,953.7393465909091,6179.180702209473,860.68
101,SpaceInvaders,adam,0.00504120405133988,0.5510330808675515,0.008168359833188872,424.9653860783568,6224.615489959717,521.8
102,Breakout,adam,0.00504120405133988,0.5510330808675515,0.008168359833188872,32.897019280279196,6039.229945898056,152.88
103,Qbert,adam,0.00504120405133988,0.5510330808675515,0.008168359833188872,991.9629803675856,5820.665050268173,2220.0
104,BeamRider,tdprop,0.00504120405133988,0.5510330808675515,0.008168359833188872,1387.7094890510948,6482.674515247345,1836.96
105,SpaceInvaders,tdprop,0.00504120405133988,0.5510330808675515,0.008168359833188872,463.7872083668544,7261.470199584961,519.85
106,Breakout,tdprop,0.00504120405133988,0.5510330808675515,0.008168359833188872,64.2416804961132,7197.277253866196,144.37
107,Qbert,tdprop,0.00504120405133988,0.5510330808675515,0.008168359833188872,957.5226089339545,7685.202234506607,999.5
108,BeamRider,sgd,0.08868308016987242,0.031430979027349815,0.005433059919154706,1135.5206176522197,4644.249418973923,1423.68
109,SpaceInvaders,sgd,0.08868308016987242,0.031430979027349815,0.005433059919154706,433.4245268620269,5938.532225608826,565.15
110,Breakout,sgd,0.08868308016987242,0.031430979027349815,0.005433059919154706,23.318945342971553,6505.892684698105,46.79
111,Qbert,sgd,0.08868308016987242,0.031430979027349815,0.005433059919154706,1178.2814921703812,7120.531747817993,3389.0
112,BeamRider,adam,7.736410686868063e-05,0.031430979027349815,0.005433059919154706,538.0539919586445,7101.424434900284,581.12
113,SpaceInvaders,adam,7.736410686868063e-05,0.031430979027349815,0.005433059919154706,308.54288176033936,6296.964868545532,323.7
114,Breakout,adam,7.736410686868063e-05,0.031430979027349815,0.005433059919154706,3.278780149292922,7396.035322189331,4.87
115,Qbert,adam,7.736410686868063e-05,0.031430979027349815,0.005433059919154706,356.2451014543238,5840.61998796463,500.75
116,BeamRider,tdprop,7.736410686868063e-05,0.031430979027349815,0.005433059919154706,664.7313473626674,6751.567780017853,662.84
117,SpaceInvaders,tdprop,7.736410686868063e-05,0.031430979027349815,0.005433059919154706,289.2923940149626,6830.209280252457,305.6
118,Breakout,tdprop,7.736410686868063e-05,0.031430979027349815,0.005433059919154706,3.700223531802479,7061.2964589595795,4.79
119,Qbert,tdprop,7.736410686868063e-05,0.031430979027349815,0.005433059919154706,280.7688899914942,7683.165780544281,378.5
120,BeamRider,sgd,0.001017765507514575,0.08022462213030124,0.002852987095708939,289.64962744758276,5437.68697810173,228.36
121,SpaceInvaders,sgd,0.001017765507514575,0.08022462213030124,0.002852987095708939,261.47093783430404,5432.717798948288,241.05
122,Breakout,sgd,0.001017765507514575,0.08022462213030124,0.002852987095708939,1.0324182968341393,6888.56542301178,0.57
123,Qbert,sgd,0.001017765507514575,0.08022462213030124,0.002852987095708939,238.32465455738242,5636.077368736267,251.25
124,BeamRider,adam,0.0005648807609609275,0.08022462213030124,0.002852987095708939,1054.8217852684145,5455.294149398804,1353.2
125,SpaceInvaders,adam,0.0005648807609609275,0.08022462213030124,0.002852987095708939,309.87690504103165,5699.498427391052,355.3
126,Breakout,adam,0.0005648807609609275,0.08022462213030124,0.002852987095708939,20.216645391881542,6051.003392457962,70.75
127,Qbert,adam,0.0005648807609609275,0.08022462213030124,0.002852987095708939,567.2972355494632,5983.9052839279175,570.75
128,BeamRider,tdprop,0.0005648807609609275,0.08022462213030124,0.002852987095708939,969.4754230459307,6331.111247062683,1328.98
129,SpaceInvaders,tdprop,0.0005648807609609275,0.08022462213030124,0.002852987095708939,372.9200861025158,6912.950389623642,428.75
130,Breakout,tdprop,0.0005648807609609275,0.08022462213030124,0.002852987095708939,11.425878182404125,7367.504765748978,28.85
131,Qbert,tdprop,0.0005648807609609275,0.08022462213030124,0.002852987095708939,456.0478044472987,6511.786582708359,482.5
132,BeamRider,sgd,0.0005699121272022771,0.7354820499414713,0.014306837048784963,701.772226304188,5464.156874418259,692.56
133,SpaceInvaders,sgd,0.0005699121272022771,0.7354820499414713,0.014306837048784963,259.19236227583536,6421.048935651779,310.4
134,Breakout,sgd,0.0005699121272022771,0.7354820499414713,0.014306837048784963,1.4601287050856162,23562.18660712242,2.0
135,Qbert,sgd,0.0005699121272022771,0.7354820499414713,0.014306837048784963,136.58872498010652,8117.922605752945,178.75
136,BeamRider,adam,2.070938849459864e-05,0.7354820499414713,0.014306837048784963,700.6958649376071,5180.382901906967,679.04
137,SpaceInvaders,adam,2.070938849459864e-05,0.7354820499414713,0.014306837048784963,275.9811197916667,6901.451171875,347.7
138,Breakout,adam,2.070938849459864e-05,0.7354820499414713,0.014306837048784963,2.5529172750936446,6913.091985464096,2.88
139,Qbert,adam,2.070938849459864e-05,0.7354820499414713,0.014306837048784963,318.88123096650105,8809.173609972,324.75
140,BeamRider,tdprop,2.070938849459864e-05,0.7354820499414713,0.014306837048784963,681.2820512820513,28488.23725128174,681.2820512820513
141,SpaceInvaders,tdprop,2.070938849459864e-05,0.7354820499414713,0.014306837048784963,266.99166831977783,6499.036217927933,232.45
142,Breakout,tdprop,2.070938849459864e-05,0.7354820499414713,0.014306837048784963,1.3145534137163044,7921.008582353592,2.02
143,Qbert,tdprop,2.070938849459864e-05,0.7354820499414713,0.014306837048784963,318.96486560033867,7609.985560417175,326.5
144,BeamRider,sgd,0.00014290561179096284,0.18982303842480897,6.834473071660098e-07,602.8182005353099,4865.851962327957,636.12
145,SpaceInvaders,sgd,0.00014290561179096284,0.18982303842480897,6.834473071660098e-07,292.89563457646716,6467.829321146011,278.15
146,Breakout,sgd,0.00014290561179096284,0.18982303842480897,6.834473071660098e-07,2.394697584832978,5802.411822319031,2.36
147,Qbert,sgd,0.00014290561179096284,0.18982303842480897,6.834473071660098e-07,138.78713030089176,5609.473555326462,159.25
148,BeamRider,adam,0.0016851892348921616,0.18982303842480897,6.834473071660098e-07,392.35388897026513,6432.294795751572,383.04
149,SpaceInvaders,adam,0.0016851892348921616,0.18982303842480897,6.834473071660098e-07,271.9526191877575,5207.930986881256,260.0
150,Breakout,adam,0.0016851892348921616,0.18982303842480897,6.834473071660098e-07,7.534288926363125,6830.669932603836,1.23
151,Qbert,adam,0.0016851892348921616,0.18982303842480897,6.834473071660098e-07,234.49909432910687,5119.78156542778,187.0
152,BeamRider,tdprop,0.0016851892348921616,0.18982303842480897,6.834473071660098e-07,623.3945345858241,7626.558515787125,641.06
153,SpaceInvaders,tdprop,0.0016851892348921616,0.18982303842480897,6.834473071660098e-07,254.27724828934507,9153.738507032394,249.5
154,Breakout,tdprop,0.0016851892348921616,0.18982303842480897,6.834473071660098e-07,9.347016116164033,9096.82948422432,10.29
155,Qbert,tdprop,0.0016851892348921616,0.18982303842480897,6.834473071660098e-07,159.4757275218583,9687.177250146866,152.25
156,BeamRider,sgd,0.4852032006618006,0.4588329645949867,0.04560399605531443,1265.580198019802,5769.538379192352,1403.6
157,SpaceInvaders,sgd,0.4852032006618006,0.4588329645949867,0.04560399605531443,390.88344581785094,6190.519579648972,518.9
158,Breakout,sgd,0.4852032006618006,0.4588329645949867,0.04560399605531443,33.130970302449704,5412.30092048645,120.53
159,Qbert,sgd,0.4852032006618006,0.4588329645949867,0.04560399605531443,925.2810880829015,4853.8931930065155,996.25
160,BeamRider,adam,0.007205077887336177,0.4588329645949867,0.04560399605531443,1307.9786545924967,5569.0844259262085,1596.72
161,SpaceInvaders,adam,0.007205077887336177,0.4588329645949867,0.04560399605531443,460.469005211169,5292.629252433777,578.7
162,Breakout,adam,0.007205077887336177,0.4588329645949867,0.04560399605531443,29.600759201188314,6593.575098276138,107.1
163,Qbert,adam,0.007205077887336177,0.4588329645949867,0.04560399605531443,1419.7074381949692,4987.699798822403,3785.75
164,BeamRider,tdprop,0.007205077887336177,0.4588329645949867,0.04560399605531443,1313.0911453499164,7027.486772060394,1564.6
165,SpaceInvaders,tdprop,0.007205077887336177,0.4588329645949867,0.04560399605531443,412.220676369863,10901.772475481033,461.75
166,Breakout,tdprop,0.007205077887336177,0.4588329645949867,0.04560399605531443,30.661199879409104,8814.890105485916,101.18
167,Qbert,tdprop,0.007205077887336177,0.4588329645949867,0.04560399605531443,1307.2132128863736,9900.10757613182,2372.0
168,BeamRider,sgd,0.27519344120787936,0.8556428049085837,0.0009496020181278835,1181.9577535624476,6016.737797498703,1605.5
169,SpaceInvaders,sgd,0.27519344120787936,0.8556428049085837,0.0009496020181278835,363.46260997067446,6763.147374629974,540.15
170,Breakout,sgd,0.27519344120787936,0.8556428049085837,0.0009496020181278835,59.72971609742038,5676.192437887192,185.49
171,Qbert,sgd,0.27519344120787936,0.8556428049085837,0.0009496020181278835,1751.3179308340598,4934.785279750824,3824.0
172,BeamRider,adam,0.009329899067211303,0.8556428049085837,0.0009496020181278835,353.01197604790417,5509.850962162018,330.64
173,SpaceInvaders,adam,0.009329899067211303,0.8556428049085837,0.0009496020181278835,252.4489552238806,5393.6330235004425,217.25
174,Breakout,adam,0.009329899067211303,0.8556428049085837,0.0009496020181278835,13.882822964297262,7505.758255720139,32.32
175,Qbert,adam,0.009329899067211303,0.8556428049085837,0.0009496020181278835,333.733362211546,7113.696485042572,351.0
176,BeamRider,tdprop,0.009329899067211303,0.8556428049085837,0.0009496020181278835,1102.987341772152,7195.218289852142,1158.44
177,SpaceInvaders,tdprop,0.009329899067211303,0.8556428049085837,0.0009496020181278835,286.43995900472584,7298.247351408005,305.9
178,Breakout,tdprop,0.009329899067211303,0.8556428049085837,0.0009496020181278835,1.9505481646834326,7600.27968454361,1.99
179,Qbert,tdprop,0.009329899067211303,0.8556428049085837,0.0009496020181278835,149.24560271098917,21841.897626161575,147.0
180,BeamRider,sgd,0.13683319944978864,0.5100528062138958,0.0001627432527431295,1319.8586898633055,22045.130078792572,1789.88
181,SpaceInvaders,sgd,0.13683319944978864,0.5100528062138958,0.0001627432527431295,380.9031591188061,6489.195122003555,478.8
182,Breakout,sgd,0.13683319944978864,0.5100528062138958,0.0001627432527431295,22.222053360351232,5095.94708108902,59.73
183,Qbert,sgd,0.13683319944978864,0.5100528062138958,0.0001627432527431295,1325.137660824906,7059.545757055283,2881.25
184,BeamRider,adam,0.0007137818424549719,0.5100528062138958,0.0001627432527431295,913.4471144749291,6810.462193727493,1056.2
185,SpaceInvaders,adam,0.0007137818424549719,0.5100528062138958,0.0001627432527431295,262.16011674472276,6635.972547054291,414.7
186,Breakout,adam,0.0007137818424549719,0.5100528062138958,0.0001627432527431295,17.89851925832646,5296.297712564468,102.48
187,Qbert,adam,0.0007137818424549719,0.5100528062138958,0.0001627432527431295,665.3287291450072,4965.697682142258,902.5
188,BeamRider,tdprop,0.0007137818424549719,0.5100528062138958,0.0001627432527431295,1600.6226371061844,6943.236640930176,2392.38
189,SpaceInvaders,tdprop,0.0007137818424549719,0.5100528062138958,0.0001627432527431295,412.4088483770565,6917.13843870163,517.75
190,Breakout,tdprop,0.0007137818424549719,0.5100528062138958,0.0001627432527431295,34.65717935978423,7405.637536525726,56.42
191,Qbert,tdprop,0.0007137818424549719,0.5100528062138958,0.0001627432527431295,797.516701614083,7361.301490306854,854.5
192,BeamRider,sgd,0.055702386665174804,0.028877571830689286,3.106822729349788e-05,835.5313052011776,5795.4435522556305,1240.64
193,SpaceInvaders,sgd,0.055702386665174804,0.028877571830689286,3.106822729349788e-05,389.48222146969186,5664.080519914627,486.2
194,Breakout,sgd,0.055702386665174804,0.028877571830689286,3.106822729349788e-05,8.315593232262831,5029.396179437637,24.29
195,Qbert,sgd,0.055702386665174804,0.028877571830689286,3.106822729349788e-05,604.3119807159709,6719.603481531143,752.0
196,BeamRider,adam,0.0014508341821046584,0.028877571830689286,3.106822729349788e-05,326.08088235294116,6514.840245008469,378.12
197,SpaceInvaders,adam,0.0014508341821046584,0.028877571830689286,3.106822729349788e-05,274.3865504666543,4734.792085647583,260.95
198,Breakout,adam,0.0014508341821046584,0.028877571830689286,3.106822729349788e-05,15.538359448582927,5213.024128913879,2.47
199,Qbert,adam,0.0014508341821046584,0.028877571830689286,3.106822729349788e-05,272.6157567380788,6626.242827653885,129.75
200,BeamRider,tdprop,0.0014508341821046584,0.028877571830689286,3.106822729349788e-05,655.3673469387755,9371.764582633972,606.2
201,SpaceInvaders,tdprop,0.0014508341821046584,0.028877571830689286,3.106822729349788e-05,239.78796597448087,9664.10438466072,251.3
202,Breakout,tdprop,0.0014508341821046584,0.028877571830689286,3.106822729349788e-05,25.191878625613565,7986.176828384399,34.16
203,Qbert,tdprop,0.0014508341821046584,0.028877571830689286,3.106822729349788e-05,247.1607536580477,7407.952147722244,11.5
204,BeamRider,sgd,0.16999607133078573,0.24076550037125066,3.0126210508620573e-06,1135.7717755443887,4524.956768751144,1413.92
205,SpaceInvaders,sgd,0.16999607133078573,0.24076550037125066,3.0126210508620573e-06,426.6099338743613,6231.496308326721,576.85
206,Breakout,sgd,0.16999607133078573,0.24076550037125066,3.0126210508620573e-06,27.704505699981905,5191.630095243454,113.11
207,Qbert,sgd,0.16999607133078573,0.24076550037125066,3.0126210508620573e-06,1490.3038427167114,4746.400969982147,3196.75
208,BeamRider,adam,2.175694533872365e-05,0.24076550037125066,3.0126210508620573e-06,376.04094488188974,5947.722991943359,604.44
209,SpaceInvaders,adam,2.175694533872365e-05,0.24076550037125066,3.0126210508620573e-06,235.03668898043253,7146.885877370834,258.65
210,Breakout,adam,2.175694533872365e-05,0.24076550037125066,3.0126210508620573e-06,2.830136928939324,10408.732806444168,2.23
211,Qbert,adam,2.175694533872365e-05,0.24076550037125066,3.0126210508620573e-06,389.8626430801249,5109.316816568375,414.25
212,BeamRider,tdprop,2.175694533872365e-05,0.24076550037125066,3.0126210508620573e-06,675.7622454595487,6690.979382276535,726.64
213,SpaceInvaders,tdprop,2.175694533872365e-05,0.24076550037125066,3.0126210508620573e-06,362.4643755238894,6972.031455278397,396.8
214,Breakout,tdprop,2.175694533872365e-05,0.24076550037125066,3.0126210508620573e-06,6.843028861605708,9962.631413936615,8.97
215,Qbert,tdprop,2.175694533872365e-05,0.24076550037125066,3.0126210508620573e-06,584.3311213694941,7092.839714765549,601.75
216,BeamRider,sgd,0.5275649476333185,0.9624435749376019,0.0032506811792955646,1159.6553581044695,5269.168442964554,1341.36
217,SpaceInvaders,sgd,0.5275649476333185,0.9624435749376019,0.0032506811792955646,348.70903221278684,5063.596781253815,520.95
218,Breakout,sgd,0.5275649476333185,0.9624435749376019,0.0032506811792955646,47.9863518060052,7188.463330745697,198.26
219,Qbert,sgd,0.5275649476333185,0.9624435749376019,0.0032506811792955646,979.0804867857516,5685.784213066101,1920.25
220,BeamRider,adam,0.00019635617726035693,0.9624435749376019,0.0032506811792955646,658.1819068519873,5593.041616201401,771.72
221,SpaceInvaders,adam,0.00019635617726035693,0.9624435749376019,0.0032506811792955646,374.80553633217994,6445.761392354965,467.55
222,Breakout,adam,0.00019635617726035693,0.9624435749376019,0.0032506811792955646,6.9333272611348935,5868.326615571976,14.44
223,Qbert,adam,0.00019635617726035693,0.9624435749376019,0.0032506811792955646,755.0072978953812,6367.016844749451,833.25
224,BeamRider,tdprop,0.00019635617726035693,0.9624435749376019,0.0032506811792955646,709.8135048231511,7420.5283761024475,690.0
225,SpaceInvaders,tdprop,0.00019635617726035693,0.9624435749376019,0.0032506811792955646,339.2718049976169,9406.875976800919,442.6
226,Breakout,tdprop,0.00019635617726035693,0.9624435749376019,0.0032506811792955646,5.118818008354391,8065.063237905502,8.57
227,Qbert,tdprop,0.00019635617726035693,0.9624435749376019,0.0032506811792955646,601.9521165180963,8235.207114458084,685.75
228,BeamRider,sgd,0.17961163979554576,0.4679898684135244,3.3813625565826744e-06,1303.7922511690047,5701.113785505295,1546.72
229,SpaceInvaders,sgd,0.17961163979554576,0.4679898684135244,3.3813625565826744e-06,403.3108834276707,6214.794540882111,329.4
230,Breakout,sgd,0.17961163979554576,0.4679898684135244,3.3813625565826744e-06,25.534976961282986,5542.550757646561,15.0
231,Qbert,sgd,0.17961163979554576,0.4679898684135244,3.3813625565826744e-06,1359.336954741497,5375.452049970627,1911.25
232,BeamRider,adam,2.2133104623121964e-05,0.4679898684135244,3.3813625565826744e-06,289.48023194517657,4827.019939899445,256.84
233,SpaceInvaders,adam,2.2133104623121964e-05,0.4679898684135244,3.3813625565826744e-06,273.0994554877649,5429.526721715927,276.35
234,Breakout,adam,2.2133104623121964e-05,0.4679898684135244,3.3813625565826744e-06,4.218038110101443,8246.363731145859,6.38
235,Qbert,adam,2.2133104623121964e-05,0.4679898684135244,3.3813625565826744e-06,487.8393481264732,4947.679442405701,633.5
236,BeamRider,tdprop,2.2133104623121964e-05,0.4679898684135244,3.3813625565826744e-06,520.18733875769,7481.63706278801,555.36
237,SpaceInvaders,tdprop,2.2133104623121964e-05,0.4679898684135244,3.3813625565826744e-06,342.629080504617,6639.433113574982,355.8
238,Breakout,tdprop,2.2133104623121964e-05,0.4679898684135244,3.3813625565826744e-06,9.493917686017436,6933.296185970306,13.0
239,Qbert,tdprop,2.2133104623121964e-05,0.4679898684135244,3.3813625565826744e-06,710.278918135716,6672.381130695343,868.5
240,BeamRider,sgd,0.07266067059644642,0.7157299079708065,0.00045958589652905443,1064.9269781638882,5163.697172641754,1658.96
241,SpaceInvaders,sgd,0.07266067059644642,0.7157299079708065,0.00045958589652905443,411.25465036823323,6646.229489564896,512.3
242,Breakout,sgd,0.07266067059644642,0.7157299079708065,0.00045958589652905443,18.403522818254604,5814.983145952225,49.6
243,Qbert,sgd,0.07266067059644642,0.7157299079708065,0.00045958589652905443,983.8453640815037,6130.938686847687,2691.5
244,BeamRider,adam,0.007211899303315034,0.7157299079708065,0.00045958589652905443,338.8100416163243,5492.800920248032,333.56
245,SpaceInvaders,adam,0.007211899303315034,0.7157299079708065,0.00045958589652905443,204.74977307110439,6723.3300750255585,210.5
246,Breakout,adam,0.007211899303315034,0.7157299079708065,0.00045958589652905443,9.833713409847098,5761.434930086136,3.49
247,Qbert,adam,0.007211899303315034,0.7157299079708065,0.00045958589652905443,162.18039772727272,7459.847459077835,155.5
248,BeamRider,tdprop,0.007211899303315034,0.7157299079708065,0.00045958589652905443,1011.681029858752,7728.194618701935,1281.76
249,SpaceInvaders,tdprop,0.007211899303315034,0.7157299079708065,0.00045958589652905443,387.79403998491136,9189.033350467682,497.55
250,Breakout,tdprop,0.007211899303315034,0.7157299079708065,0.00045958589652905443,1.9958095786198586,7656.855808496475,1.55
251,Qbert,tdprop,0.007211899303315034,0.7157299079708065,0.00045958589652905443,135.3755500733431,6810.837317705154,91.75
252,BeamRider,sgd,0.0006899513491910881,0.8680552020253307,1.25092073494853e-06,321.281239000352,6640.642443418503,368.72
253,SpaceInvaders,sgd,0.0006899513491910881,0.8680552020253307,1.25092073494853e-06,236.36020744931636,5619.469543933868,249.65
254,Breakout,sgd,0.0006899513491910881,0.8680552020253307,1.25092073494853e-06,1.7956377344942105,7771.68819642067,1.37
255,Qbert,sgd,0.0006899513491910881,0.8680552020253307,1.25092073494853e-06,245.91040115301465,7225.5779349803925,250.75
256,BeamRider,adam,0.0032083544219845316,0.8680552020253307,1.25092073494853e-06,392.50131617432,6002.061529636383,346.72
257,SpaceInvaders,adam,0.0032083544219845316,0.8680552020253307,1.25092073494853e-06,231.13298637266314,28777.192242622375,245.2
258,Breakout,adam,0.0032083544219845316,0.8680552020253307,1.25092073494853e-06,13.770602365114561,6952.613281011581,30.58
259,Qbert,adam,0.0032083544219845316,0.8680552020253307,1.25092073494853e-06,367.23674491135915,4973.467255115509,332.75
260,BeamRider,tdprop,0.0032083544219845316,0.8680552020253307,1.25092073494853e-06,662.825264084507,6878.418718338013,661.4
261,SpaceInvaders,tdprop,0.0032083544219845316,0.8680552020253307,1.25092073494853e-06,349.97615553925164,8324.881535291672,421.5
262,Breakout,tdprop,0.0032083544219845316,0.8680552020253307,1.25092073494853e-06,1.975135462712106,7879.7335703372955,1.99
263,Qbert,tdprop,0.0032083544219845316,0.8680552020253307,1.25092073494853e-06,144.81136697697207,7021.393898963928,151.5
264,BeamRider,sgd,0.0006798451709586829,0.9055290893981598,5.908794815521098e-07,488.52961390741865,6277.844560146332,646.12
265,SpaceInvaders,sgd,0.0006798451709586829,0.9055290893981598,5.908794815521098e-07,261.3320295523685,6622.079940319061,307.45
266,Breakout,sgd,0.0006798451709586829,0.9055290893981598,5.908794815521098e-07,2.2681407496294206,8581.406134605408,2.71
267,Qbert,sgd,0.0006798451709586829,0.9055290893981598,5.908794815521098e-07,217.88793996932134,6826.467237949371,199.0
268,BeamRider,adam,0.00011271011969086678,0.9055290893981598,5.908794815521098e-07,1031.0849724626278,6300.824735879898,1263.64
269,SpaceInvaders,adam,0.00011271011969086678,0.9055290893981598,5.908794815521098e-07,406.9836362265289,5276.9284591674805,512.35
270,Breakout,adam,0.00011271011969086678,0.9055290893981598,5.908794815521098e-07,25.594554638413207,5095.820379972458,75.12
271,Qbert,adam,0.00011271011969086678,0.9055290893981598,5.908794815521098e-07,1204.8383198152226,6487.012961864471,2124.5
272,BeamRider,tdprop,0.00011271011969086678,0.9055290893981598,5.908794815521098e-07,1021.5050801535335,6932.995906352997,1211.88
273,SpaceInvaders,tdprop,0.00011271011969086678,0.9055290893981598,5.908794815521098e-07,453.34076333489753,9537.37716293335,617.15
274,Breakout,tdprop,0.00011271011969086678,0.9055290893981598,5.908794815521098e-07,6.434002869440459,10027.552725076675,22.02
275,Qbert,tdprop,0.00011271011969086678,0.9055290893981598,5.908794815521098e-07,743.497180349203,11234.870905637741,1161.25
276,BeamRider,sgd,0.0265262721391026,0.03602494267125833,1.3930336343524232e-05,419.9053913043478,5394.73436331749,676.16
277,SpaceInvaders,sgd,0.0265262721391026,0.03602494267125833,1.3930336343524232e-05,365.74928639391055,5402.8320989608765,482.55
278,Breakout,sgd,0.0265262721391026,0.03602494267125833,1.3930336343524232e-05,4.288820116054159,8567.976478338242,8.09
279,Qbert,sgd,0.0265262721391026,0.03602494267125833,1.3930336343524232e-05,541.1975041996641,4775.380314588547,634.75
280,BeamRider,adam,1.0266909862854707e-05,0.03602494267125833,1.3930336343524232e-05,538.5037349166827,5701.47732925415,557.24
281,SpaceInvaders,adam,1.0266909862854707e-05,0.03602494267125833,1.3930336343524232e-05,217.93026113671274,5421.2955231666565,153.05
282,Breakout,adam,1.0266909862854707e-05,0.03602494267125833,1.3930336343524232e-05,3.4281719838650533,5454.467475652695,2.27
283,Qbert,adam,1.0266909862854707e-05,0.03602494267125833,1.3930336343524232e-05,324.0398529469279,7583.9012615680695,396.25
284,BeamRider,tdprop,1.0266909862854707e-05,0.03602494267125833,1.3930336343524232e-05,464.8170852283963,7154.688850402832,569.24
285,SpaceInvaders,tdprop,1.0266909862854707e-05,0.03602494267125833,1.3930336343524232e-05,350.698703652077,6928.918041229248,304.45
286,Breakout,tdprop,1.0266909862854707e-05,0.03602494267125833,1.3930336343524232e-05,2.828370978781656,7269.135405778885,2.91
287,Qbert,tdprop,1.0266909862854707e-05,0.03602494267125833,1.3930336343524232e-05,372.0579457275357,7483.230587720871,502.0
288,BeamRider,sgd,0.0027358656754393846,0.6324663463067566,4.817030595794175e-06,698.6006251502765,6160.239283084869,685.32
289,SpaceInvaders,sgd,0.0027358656754393846,0.6324663463067566,4.817030595794175e-06,380.8228865316618,5532.658208370209,397.2
290,Breakout,sgd,0.0027358656754393846,0.6324663463067566,4.817030595794175e-06,2.439884903992628,7255.002311229706,4.51
291,Qbert,sgd,0.0027358656754393846,0.6324663463067566,4.817030595794175e-06,134.25213474711458,5741.752194404602,257.0
292,BeamRider,adam,1.6019434753497004e-05,0.6324663463067566,4.817030595794175e-06,465.4989491382934,6594.422537088394,627.16
293,SpaceInvaders,adam,1.6019434753497004e-05,0.6324663463067566,4.817030595794175e-06,280.18561187916026,6309.8695867061615,336.05
294,Breakout,adam,1.6019434753497004e-05,0.6324663463067566,4.817030595794175e-06,3.2321066161547827,7412.782372236252,4.06
295,Qbert,adam,1.6019434753497004e-05,0.6324663463067566,4.817030595794175e-06,523.7247333250322,6751.760655641556,690.5
296,BeamRider,tdprop,1.6019434753497004e-05,0.6324663463067566,4.817030595794175e-06,707.9228703929705,7058.250838279724,713.4
297,SpaceInvaders,tdprop,1.6019434753497004e-05,0.6324663463067566,4.817030595794175e-06,352.88386832958497,6356.727902889252,437.8
298,Breakout,tdprop,1.6019434753497004e-05,0.6324663463067566,4.817030595794175e-06,4.876417750368682,7377.513954639435,6.16
299,Qbert,tdprop,1.6019434753497004e-05,0.6324663463067566,4.817030595794175e-06,682.6715106454883,6823.677314519882,943.75
300,BeamRider,sgd,0.0011941821655948616,0.22614567592289037,0.005444903189726387,434.54117647058825,6161.489895105362,663.52
301,SpaceInvaders,sgd,0.0011941821655948616,0.22614567592289037,0.005444903189726387,291.1701321949876,6597.7785449028015,298.9
302,Breakout,sgd,0.0011941821655948616,0.22614567592289037,0.005444903189726387,2.446588751391344,7579.073832988739,2.02
303,Qbert,sgd,0.0011941821655948616,0.22614567592289037,0.005444903189726387,308.6971294086449,7145.329980611801,281.5
304,BeamRider,adam,0.00800393817647412,0.22614567592289037,0.005444903189726387,524.6987511422479,6518.47133731842,437.12
305,SpaceInvaders,adam,0.00800393817647412,0.22614567592289037,0.005444903189726387,227.960377242942,6517.52570605278,230.05
306,Breakout,adam,0.00800393817647412,0.22614567592289037,0.005444903189726387,3.7469492460022535,7433.981829881668,2.85
307,Qbert,adam,0.00800393817647412,0.22614567592289037,0.005444903189726387,503.26022928089174,6997.419390916824,485.0
308,BeamRider,tdprop,0.00800393817647412,0.22614567592289037,0.005444903189726387,1271.564097914778,9604.68664765358,1698.32
309,SpaceInvaders,tdprop,0.00800393817647412,0.22614567592289037,0.005444903189726387,413.06628392484345,9476.009236812592,539.1
310,Breakout,tdprop,0.00800393817647412,0.22614567592289037,0.005444903189726387,65.30385139740967,8014.743826627731,131.26
311,Qbert,tdprop,0.00800393817647412,0.22614567592289037,0.005444903189726387,645.6655806376542,8822.66230416298,810.5
312,BeamRider,sgd,0.005524775674485339,0.17856663210049817,6.31263969987572e-05,663.9988310929281,6056.589956998825,666.76
313,SpaceInvaders,sgd,0.005524775674485339,0.17856663210049817,6.31263969987572e-05,272.51975338201845,6543.208478927612,366.6
314,Breakout,sgd,0.005524775674485339,0.17856663210049817,6.31263969987572e-05,2.627643919649664,7862.223029851913,4.0
315,Qbert,sgd,0.005524775674485339,0.17856663210049817,6.31263969987572e-05,306.06392378318156,6062.087484359741,389.25
316,BeamRider,adam,0.0027188969680534544,0.17856663210049817,6.31263969987572e-05,348.67764964305326,5199.24281001091,330.12
317,SpaceInvaders,adam,0.0027188969680534544,0.17856663210049817,6.31263969987572e-05,188.45379688929552,5285.311271429062,161.35
318,Breakout,adam,0.0027188969680534544,0.17856663210049817,6.31263969987572e-05,2.8947974940809185,6518.3822016716,1.91
319,Qbert,adam,0.0027188969680534544,0.17856663210049817,6.31263969987572e-05,238.5959060426249,5715.755000829697,308.0
320,BeamRider,tdprop,0.0027188969680534544,0.17856663210049817,6.31263969987572e-05,641.4124094734782,7003.229207992554,1036.12
321,SpaceInvaders,tdprop,0.0027188969680534544,0.17856663210049817,6.31263969987572e-05,306.73326874949544,8993.798173666,301.95
322,Breakout,tdprop,0.0027188969680534544,0.17856663210049817,6.31263969987572e-05,1.8347432827879755,10316.840391874313,2.01
323,Qbert,tdprop,0.0027188969680534544,0.17856663210049817,6.31263969987572e-05,473.48985890652557,8256.310443878174,429.5
324,BeamRider,sgd,0.008868270608373545,0.799552597300526,0.01981249933217025,365.91918861442826,5933.277409076691,355.96
325,SpaceInvaders,sgd,0.008868270608373545,0.799552597300526,0.01981249933217025,300.1954915944982,6799.188409805298,250.65
326,Breakout,sgd,0.008868270608373545,0.799552597300526,0.01981249933217025,2.598884305112488,8178.146344900131,3.24
327,Qbert,sgd,0.008868270608373545,0.799552597300526,0.01981249933217025,427.84134007585334,6020.92193198204,612.0
328,BeamRider,adam,0.0015362802088080588,0.799552597300526,0.01981249933217025,1113.2946303501947,6568.369303703308,1499.92
329,SpaceInvaders,adam,0.0015362802088080588,0.799552597300526,0.01981249933217025,417.9682516671499,6422.938594341278,396.55
330,Breakout,adam,0.0015362802088080588,0.799552597300526,0.01981249933217025,19.837481517989158,6037.521876811981,83.49
331,Qbert,adam,0.0015362802088080588,0.799552597300526,0.01981249933217025,749.7579689994335,5152.0971596241,1804.25
332,BeamRider,tdprop,0.0015362802088080588,0.799552597300526,0.01981249933217025,985.3791754929118,7626.276594161987,1371.92
333,SpaceInvaders,tdprop,0.0015362802088080588,0.799552597300526,0.01981249933217025,399.7550805886475,7187.374588012695,517.2
334,Breakout,tdprop,0.0015362802088080588,0.799552597300526,0.01981249933217025,13.065342960288808,8120.069711685181,48.87
335,Qbert,tdprop,0.0015362802088080588,0.799552597300526,0.01981249933217025,884.6057347670251,7408.550771474838,2537.5
336,BeamRider,sgd,0.016724031667422697,0.833869113191457,5.7087440673262664e-08,433.9717728055077,4620.743354558945,488.92
337,SpaceInvaders,sgd,0.016724031667422697,0.833869113191457,5.7087440673262664e-08,324.21694893425206,4667.429413795471,333.05
338,Breakout,sgd,0.016724031667422697,0.833869113191457,5.7087440673262664e-08,3.285453397664247,7159.041155576706,4.56
339,Qbert,sgd,0.016724031667422697,0.833869113191457,5.7087440673262664e-08,470.3846340163736,5820.401455163956,707.25
340,BeamRider,adam,0.006811779579353794,0.833869113191457,5.7087440673262664e-08,364.94500904914383,5740.63643860817,340.64
341,SpaceInvaders,adam,0.006811779579353794,0.833869113191457,5.7087440673262664e-08,199.02759288394046,5206.344438791275,209.7
342,Breakout,adam,0.006811779579353794,0.833869113191457,5.7087440673262664e-08,1.556199821587868,7160.038854837418,2.33
343,Qbert,adam,0.006811779579353794,0.833869113191457,5.7087440673262664e-08,251.02175288164185,4920.267769098282,266.5
344,BeamRider,tdprop,0.006811779579353794,0.833869113191457,5.7087440673262664e-08,314.125,28573.402673244476,304.68
345,SpaceInvaders,tdprop,0.006811779579353794,0.833869113191457,5.7087440673262664e-08,210.9944214617024,6283.343990564346,247.1
346,Breakout,tdprop,0.006811779579353794,0.833869113191457,5.7087440673262664e-08,1.4794970380026733,8880.403543949127,1.56
347,Qbert,tdprop,0.006811779579353794,0.833869113191457,5.7087440673262664e-08,149.34376496886478,6747.710516691208,152.5
348,BeamRider,sgd,0.0028922269969587967,0.6369681176124096,1.3486623185771657e-06,709.6288352695859,5044.242490768433,717.36
349,SpaceInvaders,sgd,0.0028922269969587967,0.6369681176124096,1.3486623185771657e-06,298.82485170152984,5727.639362335205,364.1
350,Breakout,sgd,0.0028922269969587967,0.6369681176124096,1.3486623185771657e-06,3.57009109803236,5671.529646158218,4.0
351,Qbert,sgd,0.0028922269969587967,0.6369681176124096,1.3486623185771657e-06,321.5108505605266,6255.815344572067,446.5
352,BeamRider,adam,0.0013123562836198173,0.6369681176124096,1.3486623185771657e-06,392.1053722066006,4866.424679040909,355.56
353,SpaceInvaders,adam,0.0013123562836198173,0.6369681176124096,1.3486623185771657e-06,231.20082283363334,6752.8099184036255,226.2
354,Breakout,adam,0.0013123562836198173,0.6369681176124096,1.3486623185771657e-06,14.13250508036209,6752.312992334366,3.61
355,Qbert,adam,0.0013123562836198173,0.6369681176124096,1.3486623185771657e-06,428.0373425966131,5076.956593751907,329.75
356,BeamRider,tdprop,0.0013123562836198173,0.6369681176124096,1.3486623185771657e-06,948.8663815226689,9396.644845485687,1082.68
357,SpaceInvaders,tdprop,0.0013123562836198173,0.6369681176124096,1.3486623185771657e-06,357.84469832202785,6715.712813138962,350.25
358,Breakout,tdprop,0.0013123562836198173,0.6369681176124096,1.3486623185771657e-06,45.649001901140686,6781.770737171173,90.42
359,Qbert,tdprop,0.0013123562836198173,0.6369681176124096,1.3486623185771657e-06,649.3554327808472,7075.655251026154,648.5
360,BeamRider,sgd,0.025921287854647514,0.5189710995569771,0.004684510193854068,851.7829574693507,5063.979249000549,1089.44
361,SpaceInvaders,sgd,0.025921287854647514,0.5189710995569771,0.004684510193854068,349.76665350184305,5140.97300028801,423.25
362,Breakout,sgd,0.025921287854647514,0.5189710995569771,0.004684510193854068,3.8818282671400044,7589.101773262024,8.66
363,Qbert,sgd,0.025921287854647514,0.5189710995569771,0.004684510193854068,568.2281661001921,4879.1268429756165,620.0
364,BeamRider,adam,0.005793810643941348,0.5189710995569771,0.004684510193854068,533.3266646760227,6289.919948101044,499.52
365,SpaceInvaders,adam,0.005793810643941348,0.5189710995569771,0.004684510193854068,289.000333000333,6493.443646192551,291.55
366,Breakout,adam,0.005793810643941348,0.5189710995569771,0.004684510193854068,38.46734130634775,5644.62513589859,49.32
367,Qbert,adam,0.005793810643941348,0.5189710995569771,0.004684510193854068,555.1976815418689,4803.0215973854065,486.5
368,BeamRider,tdprop,0.005793810643941348,0.5189710995569771,0.004684510193854068,1324.7192172789366,9628.794876337051,1588.0
369,SpaceInvaders,tdprop,0.005793810643941348,0.5189710995569771,0.004684510193854068,445.7183257918552,9414.691035032272,617.85
370,Breakout,tdprop,0.005793810643941348,0.5189710995569771,0.004684510193854068,60.620339864747706,6441.032431840897,109.84
371,Qbert,tdprop,0.005793810643941348,0.5189710995569771,0.004684510193854068,811.3647735801851,9835.30745625496,722.5
372,BeamRider,sgd,0.012880234154754918,0.6903515823459064,0.00025943208133175007,679.1607260004373,6250.2163553237915,701.44
373,SpaceInvaders,sgd,0.012880234154754918,0.6903515823459064,0.00025943208133175007,294.76130814700593,6449.077793121338,332.3
374,Breakout,sgd,0.012880234154754918,0.6903515823459064,0.00025943208133175007,3.0464020401374876,7813.662628173828,4.65
375,Qbert,sgd,0.012880234154754918,0.6903515823459064,0.00025943208133175007,453.4730619373908,6664.12068271637,556.5
376,BeamRider,adam,1.8258232166602705e-05,0.6903515823459064,0.00025943208133175007,695.8481134342707,6956.9929003715515,736.44
377,SpaceInvaders,adam,1.8258232166602705e-05,0.6903515823459064,0.00025943208133175007,299.29134597334337,6673.816869735718,311.7
378,Breakout,adam,1.8258232166602705e-05,0.6903515823459064,0.00025943208133175007,3.370331325301205,5607.559021234512,5.13
379,Qbert,adam,1.8258232166602705e-05,0.6903515823459064,0.00025943208133175007,469.1666666666667,5394.47415137291,610.75
380,BeamRider,tdprop,1.8258232166602705e-05,0.6903515823459064,0.00025943208133175007,701.0943305186972,7313.592208862305,706.28
381,SpaceInvaders,tdprop,1.8258232166602705e-05,0.6903515823459064,0.00025943208133175007,351.82340425531913,9853.927159309387,371.2
382,Breakout,tdprop,1.8258232166602705e-05,0.6903515823459064,0.00025943208133175007,3.2406971453441216,10475.92590045929,3.95
383,Qbert,tdprop,1.8258232166602705e-05,0.6903515823459064,0.00025943208133175007,415.95843879046225,7914.678039312363,519.0
384,BeamRider,sgd,0.027982864699963046,0.07055270669594416,1.7891291314943558e-05,638.3807890222985,5983.237418651581,937.12
385,SpaceInvaders,sgd,0.027982864699963046,0.07055270669594416,1.7891291314943558e-05,354.6828960291848,4989.347636461258,503.7
386,Breakout,sgd,0.027982864699963046,0.07055270669594416,1.7891291314943558e-05,4.545004631467513,6020.329185247421,10.08
387,Qbert,sgd,0.027982864699963046,0.07055270669594416,1.7891291314943558e-05,598.177014238967,5430.226277828217,763.0
388,BeamRider,adam,1.6802657090571647e-05,0.07055270669594416,1.7891291314943558e-05,547.9870759289176,5490.435818910599,575.4
389,SpaceInvaders,adam,1.6802657090571647e-05,0.07055270669594416,1.7891291314943558e-05,206.95392904710013,5610.475484132767,194.25
390,Breakout,adam,1.6802657090571647e-05,0.07055270669594416,1.7891291314943558e-05,2.747356900966383,5735.350060939789,2.19
391,Qbert,adam,1.6802657090571647e-05,0.07055270669594416,1.7891291314943558e-05,399.61341289183963,5498.786835432053,479.5
392,BeamRider,tdprop,1.6802657090571647e-05,0.07055270669594416,1.7891291314943558e-05,532.3428827215756,8374.534901380539,586.64
393,SpaceInvaders,tdprop,1.6802657090571647e-05,0.07055270669594416,1.7891291314943558e-05,311.1302987742595,8933.008245944977,333.1
394,Breakout,tdprop,1.6802657090571647e-05,0.07055270669594416,1.7891291314943558e-05,3.3941784488975326,10935.223313808441,5.55
395,Qbert,tdprop,1.6802657090571647e-05,0.07055270669594416,1.7891291314943558e-05,518.1239368739368,8860.126754045486,512.0
396,BeamRider,sgd,0.003727218652334027,0.10390103658537109,0.0004102445007126777,375.3013698630137,5213.278626918793,380.36
397,SpaceInvaders,sgd,0.003727218652334027,0.10390103658537109,0.0004102445007126777,291.74387886597935,6587.791009426117,249.95
398,Breakout,sgd,0.003727218652334027,0.10390103658537109,0.0004102445007126777,1.8914827680152568,6745.990939855576,1.54
399,Qbert,sgd,0.003727218652334027,0.10390103658537109,0.0004102445007126777,295.4581930634933,4786.497472047806,306.75
400,BeamRider,adam,0.0003269285196121278,0.10390103658537109,0.0004102445007126777,845.8670947030498,6023.724780082703,1072.04
401,SpaceInvaders,adam,0.0003269285196121278,0.10390103658537109,0.0004102445007126777,258.0732227029121,6627.758753061295,245.55
402,Breakout,adam,0.0003269285196121278,0.10390103658537109,0.0004102445007126777,22.88293685756241,7074.599016427994,65.67
403,Qbert,adam,0.0003269285196121278,0.10390103658537109,0.0004102445007126777,558.402053000043,6952.67365860939,703.5
404,BeamRider,tdprop,0.0003269285196121278,0.10390103658537109,0.0004102445007126777,1379.1379241913078,12719.694271802902,2003.64
405,SpaceInvaders,tdprop,0.0003269285196121278,0.10390103658537109,0.0004102445007126777,366.38956100933285,8766.20755648613,435.25
406,Breakout,tdprop,0.0003269285196121278,0.10390103658537109,0.0004102445007126777,13.228885670317734,7740.729637622833,30.64
407,Qbert,tdprop,0.0003269285196121278,0.10390103658537109,0.0004102445007126777,385.40308181959324,6902.172467947006,382.0
408,BeamRider,sgd,0.9616335186796903,0.8596393791106554,0.0002718852937711859,1029.5681660899654,5779.965953826904,1549.04
409,SpaceInvaders,sgd,0.9616335186796903,0.8596393791106554,0.0002718852937711859,245.13858405969776,5209.058979034424,238.9
410,Breakout,sgd,0.9616335186796903,0.8596393791106554,0.0002718852937711859,18.21699238839745,6035.866976261139,124.47
411,Qbert,sgd,0.9616335186796903,0.8596393791106554,0.0002718852937711859,294.3707983986706,6934.535266876221,363.25
412,BeamRider,adam,5.475166356994796e-05,0.8596393791106554,0.0002718852937711859,707.8402959094865,4905.344160556793,847.8
413,SpaceInvaders,adam,5.475166356994796e-05,0.8596393791106554,0.0002718852937711859,363.19729825808747,5245.7791957855225,468.6
414,Breakout,adam,5.475166356994796e-05,0.8596393791106554,0.0002718852937711859,3.269556330674724,5766.533059597015,3.34
415,Qbert,adam,5.475166356994796e-05,0.8596393791106554,0.0002718852937711859,624.231325526058,5407.987308502197,786.25
416,BeamRider,tdprop,5.475166356994796e-05,0.8596393791106554,0.0002718852937711859,834.8696343402225,6522.435337305069,1042.08
417,SpaceInvaders,tdprop,5.475166356994796e-05,0.8596393791106554,0.0002718852937711859,388.99002405546906,7037.89639210701,446.9
418,Breakout,tdprop,5.475166356994796e-05,0.8596393791106554,0.0002718852937711859,6.437214179604439,7723.478806734085,15.2
419,Qbert,tdprop,5.475166356994796e-05,0.8596393791106554,0.0002718852937711859,650.8387188747387,8035.519377231598,792.25
420,BeamRider,sgd,0.0008307963621840003,0.9745093372786564,1.581972673865048e-05,657.6415633937083,5655.651921510696,688.58
421,SpaceInvaders,sgd,0.0008307963621840003,0.9745093372786564,1.581972673865048e-05,267.30790321475087,6141.627592325211,275.75
422,Breakout,sgd,0.0008307963621840003,0.9745093372786564,1.581972673865048e-05,2.2700702922678504,6193.515807151794,2.77
423,Qbert,sgd,0.0008307963621840003,0.9745093372786564,1.581972673865048e-05,303.15867621846684,6854.518930196762,336.75
424,BeamRider,adam,0.002506924126682325,0.9745093372786564,1.581972673865048e-05,904.172083475881,4770.942179679871,1059.28
425,SpaceInvaders,adam,0.002506924126682325,0.9745093372786564,1.581972673865048e-05,392.745179584121,5006.661473274231,426.0
426,Breakout,adam,0.002506924126682325,0.9745093372786564,1.581972673865048e-05,31.933303187881528,5303.874706268311,46.66
427,Qbert,adam,0.002506924126682325,0.9745093372786564,1.581972673865048e-05,553.257889166827,5210.693564891815,522.0
428,BeamRider,tdprop,0.002506924126682325,0.9745093372786564,1.581972673865048e-05,686.2080419580419,8450.23673915863,710.82
429,SpaceInvaders,tdprop,0.002506924126682325,0.9745093372786564,1.581972673865048e-05,477.33215120496493,6385.044139623642,597.45
430,Breakout,tdprop,0.002506924126682325,0.9745093372786564,1.581972673865048e-05,86.69162101846216,8659.719018220901,168.27
431,Qbert,tdprop,0.002506924126682325,0.9745093372786564,1.581972673865048e-05,176.91301342812005,6663.621768712997,183.5
432,BeamRider,sgd,0.0006013726899024774,0.3701886339487436,0.004110593600671873,663.6766848816029,5155.690737724304,679.36
433,SpaceInvaders,sgd,0.0006013726899024774,0.3701886339487436,0.004110593600671873,335.9850217663986,4592.9637150764465,420.15
434,Breakout,sgd,0.0006013726899024774,0.3701886339487436,0.004110593600671873,2.0806044892740445,6089.801206588745,2.08
435,Qbert,sgd,0.0006013726899024774,0.3701886339487436,0.004110593600671873,237.25378226045683,5632.082714080811,261.25
436,BeamRider,adam,0.00027200480396472266,0.3701886339487436,0.004110593600671873,870.9878316962322,4985.6735298633575,1185.48
437,SpaceInvaders,adam,0.00027200480396472266,0.3701886339487436,0.004110593600671873,355.56668923493567,6654.950936555862,368.1
438,Breakout,adam,0.00027200480396472266,0.3701886339487436,0.004110593600671873,7.437802413180621,7444.5286338329315,18.37
439,Qbert,adam,0.00027200480396472266,0.3701886339487436,0.004110593600671873,609.0579367704739,5401.305173635483,725.0
440,BeamRider,tdprop,0.00027200480396472266,0.3701886339487436,0.004110593600671873,952.7636544190665,7258.466935157776,1296.6
441,SpaceInvaders,tdprop,0.00027200480396472266,0.3701886339487436,0.004110593600671873,358.9008864893688,7469.283600568771,320.2
442,Breakout,tdprop,0.00027200480396472266,0.3701886339487436,0.004110593600671873,4.515624585158635,8409.925666093826,6.89
443,Qbert,tdprop,0.00027200480396472266,0.3701886339487436,0.004110593600671873,564.4348460076885,6910.507630109787,631.75
444,BeamRider,sgd,0.9661365231256314,0.8093338337575395,3.967789044737056e-07,955.2459016393443,6848.8505346775055,1273.84
445,SpaceInvaders,sgd,0.9661365231256314,0.8093338337575395,3.967789044737056e-07,246.85262098042918,5204.425381660461,260.4
446,Breakout,sgd,0.9661365231256314,0.8093338337575395,3.967789044737056e-07,12.334594493350815,5218.110472202301,23.57
447,Qbert,sgd,0.9661365231256314,0.8093338337575395,3.967789044737056e-07,254.2586663722676,6604.103310823441,347.5
448,BeamRider,adam,0.005726297083765736,0.8093338337575395,3.967789044737056e-07,356.43394140409066,5306.390611171722,335.72
449,SpaceInvaders,adam,0.005726297083765736,0.8093338337575395,3.967789044737056e-07,203.84854961832062,5313.943298339844,196.75
450,Breakout,adam,0.005726297083765736,0.8093338337575395,3.967789044737056e-07,6.412658858709195,5328.5539083480835,5.7
451,Qbert,adam,0.005726297083765736,0.8093338337575395,3.967789044737056e-07,154.42801992938925,6844.066362380981,191.25
452,BeamRider,tdprop,0.005726297083765736,0.8093338337575395,3.967789044737056e-07,648.4715048975958,7271.3231201171875,654.48
453,SpaceInvaders,tdprop,0.005726297083765736,0.8093338337575395,3.967789044737056e-07,278.9758397171479,7364.658843994141,281.75
454,Breakout,tdprop,0.005726297083765736,0.8093338337575395,3.967789044737056e-07,1.9573705892889128,11208.883805513382,1.95
455,Qbert,tdprop,0.005726297083765736,0.8093338337575395,3.967789044737056e-07,161.87643020594965,8999.217080831528,179.0
456,BeamRider,sgd,0.3279222050696302,0.01270037225705567,3.679544274885395e-07,1174.0130741441596,6299.022145986557,1530.34
457,SpaceInvaders,sgd,0.3279222050696302,0.01270037225705567,3.679544274885395e-07,376.3228621291448,5184.154096126556,578.35
458,Breakout,sgd,0.3279222050696302,0.01270037225705567,3.679544274885395e-07,12.211467531015982,5059.531175613403,105.28
459,Qbert,sgd,0.3279222050696302,0.01270037225705567,3.679544274885395e-07,1157.281156258522,5261.960036993027,2767.75
460,BeamRider,adam,5.06484901712043e-05,0.01270037225705567,3.679544274885395e-07,263.90934844192634,6575.7706842422485,133.32
461,SpaceInvaders,adam,5.06484901712043e-05,0.01270037225705567,3.679544274885395e-07,245.3074321992961,5541.224406719208,266.05
462,Breakout,adam,5.06484901712043e-05,0.01270037225705567,3.679544274885395e-07,6.1490528696635565,7751.867309093475,8.48
463,Qbert,adam,5.06484901712043e-05,0.01270037225705567,3.679544274885395e-07,388.06197785117547,7074.2490129470825,348.25
464,BeamRider,tdprop,5.06484901712043e-05,0.01270037225705567,3.679544274885395e-07,624.6940118447028,7843.898712396622,682.12
465,SpaceInvaders,tdprop,5.06484901712043e-05,0.01270037225705567,3.679544274885395e-07,314.80393487109905,7194.277491807938,277.1
466,Breakout,tdprop,5.06484901712043e-05,0.01270037225705567,3.679544274885395e-07,8.38290954022241,10744.527983665466,11.77
467,Qbert,tdprop,5.06484901712043e-05,0.01270037225705567,3.679544274885395e-07,384.4096914440083,7388.272001028061,325.5
468,BeamRider,sgd,0.015307047652709703,0.8062000813803197,9.137509014555885e-05,439.3622754491018,6748.980697154999,593.68
469,SpaceInvaders,sgd,0.015307047652709703,0.8062000813803197,9.137509014555885e-05,314.2681355495426,5622.8130984306335,358.65
470,Breakout,sgd,0.015307047652709703,0.8062000813803197,9.137509014555885e-05,4.579944145877825,6611.879254102707,6.79
471,Qbert,sgd,0.015307047652709703,0.8062000813803197,9.137509014555885e-05,478.8038288933448,7396.518969297409,520.25
472,BeamRider,adam,0.0007735228100019844,0.8062000813803197,9.137509014555885e-05,1206.0218214881043,6845.531695365906,1358.2
473,SpaceInvaders,adam,0.0007735228100019844,0.8062000813803197,9.137509014555885e-05,460.309671834422,6665.259965181351,573.2
474,Breakout,adam,0.0007735228100019844,0.8062000813803197,9.137509014555885e-05,47.14445101851069,6939.590567827225,32.33
475,Qbert,adam,0.0007735228100019844,0.8062000813803197,9.137509014555885e-05,1126.0604625660453,5265.1176018714905,1142.25
476,BeamRider,tdprop,0.0007735228100019844,0.8062000813803197,9.137509014555885e-05,1358.7063605930177,6643.902104616165,1567.48
477,SpaceInvaders,tdprop,0.0007735228100019844,0.8062000813803197,9.137509014555885e-05,488.57225148123763,8867.44733285904,631.0
478,Breakout,tdprop,0.0007735228100019844,0.8062000813803197,9.137509014555885e-05,69.08778660005353,9082.119284391403,152.87
479,Qbert,tdprop,0.0007735228100019844,0.8062000813803197,9.137509014555885e-05,986.6340984284533,9011.137956380844,2337.75
480,BeamRider,sgd,0.05613241195805954,0.9879799548100913,8.584477014936052e-05,818.1394923393551,7114.764068603516,1254.92
481,SpaceInvaders,sgd,0.05613241195805954,0.9879799548100913,8.584477014936052e-05,410.61599885926137,5074.645212650299,474.0
482,Breakout,sgd,0.05613241195805954,0.9879799548100913,8.584477014936052e-05,16.605388272583202,5619.702766180038,53.73
483,Qbert,sgd,0.05613241195805954,0.9879799548100913,8.584477014936052e-05,730.3590846184262,6116.973078250885,1128.0
484,BeamRider,adam,2.1267734607567107e-05,0.9879799548100913,8.584477014936052e-05,687.504507124164,6744.030870914459,765.24
485,SpaceInvaders,adam,2.1267734607567107e-05,0.9879799548100913,8.584477014936052e-05,329.3041075241804,5572.958616018295,400.85
486,Breakout,adam,2.1267734607567107e-05,0.9879799548100913,8.584477014936052e-05,6.300662494435571,5521.038739204407,16.77
487,Qbert,adam,2.1267734607567107e-05,0.9879799548100913,8.584477014936052e-05,445.32670779072424,5275.299256324768,775.5
488,BeamRider,tdprop,2.1267734607567107e-05,0.9879799548100913,8.584477014936052e-05,696.6444378872824,6918.614055395126,697.28
489,SpaceInvaders,tdprop,2.1267734607567107e-05,0.9879799548100913,8.584477014936052e-05,367.00564971751413,6328.804230213165,454.0
490,Breakout,tdprop,2.1267734607567107e-05,0.9879799548100913,8.584477014936052e-05,5.271953405017921,8251.517957925797,8.95
491,Qbert,tdprop,2.1267734607567107e-05,0.9879799548100913,8.584477014936052e-05,500.0327950422943,7203.957773685455,802.0
492,BeamRider,sgd,0.25288709762130995,0.595289373918262,9.812230183969501e-06,1227.4183333333333,5861.585397720337,1589.6
493,SpaceInvaders,sgd,0.25288709762130995,0.595289373918262,9.812230183969501e-06,365.39153401384823,6109.43029999733,380.95
494,Breakout,sgd,0.25288709762130995,0.595289373918262,9.812230183969501e-06,34.8767832260633,5752.088730812073,76.84
495,Qbert,sgd,0.25288709762130995,0.595289373918262,9.812230183969501e-06,1347.146724417975,6799.802943468094,3799.75
496,BeamRider,adam,0.0010861748686961244,0.595289373918262,9.812230183969501e-06,382.24716344679547,5378.581428527832,384.8
497,SpaceInvaders,adam,0.0010861748686961244,0.595289373918262,9.812230183969501e-06,238.75841315040125,5337.032306194305,194.35
498,Breakout,adam,0.0010861748686961244,0.595289373918262,9.812230183969501e-06,24.93797684819784,5400.9955332279205,41.79
499,Qbert,adam,0.0010861748686961244,0.595289373918262,9.812230183969501e-06,490.45607340783135,7003.283257722855,579.25
500,BeamRider,tdprop,0.0010861748686961244,0.595289373918262,9.812230183969501e-06,1271.2399256044637,8392.105983018875,1490.0
501,SpaceInvaders,tdprop,0.0010861748686961244,0.595289373918262,9.812230183969501e-06,360.12022217349994,7148.261310338974,419.85
502,Breakout,tdprop,0.0010861748686961244,0.595289373918262,9.812230183969501e-06,34.620686881685835,6681.419965028763,52.88
503,Qbert,tdprop,0.0010861748686961244,0.595289373918262,9.812230183969501e-06,140.99409608460115,7520.092103004456,151.5
504,BeamRider,sgd,0.27472118864631373,0.9909255941540569,3.571559461904285e-08,1306.7478320013604,5370.736884832382,1676.76
505,SpaceInvaders,sgd,0.27472118864631373,0.9909255941540569,3.571559461904285e-08,371.61405473507386,4770.112506389618,551.25
506,Breakout,sgd,0.27472118864631373,0.9909255941540569,3.571559461904285e-08,41.53366845920037,5619.503668785095,185.72
507,Qbert,sgd,0.27472118864631373,0.9909255941540569,3.571559461904285e-08,1751.7203012666896,7353.721740961075,2945.0
508,BeamRider,adam,0.00010011476724674947,0.9909255941540569,3.571559461904285e-08,1244.764291017075,5510.570682048798,1552.4
509,SpaceInvaders,adam,0.00010011476724674947,0.9909255941540569,3.571559461904285e-08,425.52699597932224,5267.2548224925995,521.15
510,Breakout,adam,0.00010011476724674947,0.9909255941540569,3.571559461904285e-08,28.770239830396182,6141.582810640335,89.71
511,Qbert,adam,0.00010011476724674947,0.9909255941540569,3.571559461904285e-08,1450.874550980934,5296.361465930939,3723.25
512,BeamRider,tdprop,0.00010011476724674947,0.9909255941540569,3.571559461904285e-08,1322.5323141070187,7496.393253564835,1824.36
513,SpaceInvaders,tdprop,0.00010011476724674947,0.9909255941540569,3.571559461904285e-08,455.8809885931559,7370.242469072342,555.8
514,Breakout,tdprop,0.00010011476724674947,0.9909255941540569,3.571559461904285e-08,27.547519426180514,7008.114728450775,51.12
515,Qbert,tdprop,0.00010011476724674947,0.9909255941540569,3.571559461904285e-08,968.4671694764862,7988.614049434662,1630.25
516,BeamRider,sgd,0.014654067622808593,0.9493857948955168,1.0153770403834361e-06,704.5247924080664,6736.130661010742,719.08
517,SpaceInvaders,sgd,0.014654067622808593,0.9493857948955168,1.0153770403834361e-06,356.37402392721543,6691.60028219223,369.25
518,Breakout,sgd,0.014654067622808593,0.9493857948955168,1.0153770403834361e-06,3.2406524307900066,7620.390902519226,7.42
519,Qbert,sgd,0.014654067622808593,0.9493857948955168,1.0153770403834361e-06,481.4713682128731,6263.1661496162415,780.25
520,BeamRider,adam,0.0008700920241506531,0.9493857948955168,1.0153770403834361e-06,1109.7383145684066,6951.686916351318,1156.44
521,SpaceInvaders,adam,0.0008700920241506531,0.9493857948955168,1.0153770403834361e-06,489.6308269476373,6395.263304948807,590.35
522,Breakout,adam,0.0008700920241506531,0.9493857948955168,1.0153770403834361e-06,64.43449434229137,5593.045482158661,144.59
523,Qbert,adam,0.0008700920241506531,0.9493857948955168,1.0153770403834361e-06,1226.876864434869,6003.022853136063,1795.0
524,BeamRider,tdprop,0.0008700920241506531,0.9493857948955168,1.0153770403834361e-06,1317.2131666960042,7380.320951461792,1565.0
525,SpaceInvaders,tdprop,0.0008700920241506531,0.9493857948955168,1.0153770403834361e-06,470.8898776418242,8160.754628896713,618.9
526,Breakout,tdprop,0.0008700920241506531,0.9493857948955168,1.0153770403834361e-06,103.42752888708696,7116.897202014923,231.34
527,Qbert,tdprop,0.0008700920241506531,0.9493857948955168,1.0153770403834361e-06,1133.9409916984519,7564.435802936554,1368.0
528,BeamRider,sgd,0.020582660310991017,0.4046286809174907,6.108749842686065e-05,717.6374212312166,7367.316967248917,862.72
529,SpaceInvaders,sgd,0.020582660310991017,0.4046286809174907,6.108749842686065e-05,319.89015709376537,6612.876972913742,433.7
530,Breakout,sgd,0.020582660310991017,0.4046286809174907,6.108749842686065e-05,3.0971907017737137,6864.205632448196,4.91
531,Qbert,sgd,0.020582660310991017,0.4046286809174907,6.108749842686065e-05,543.735843073299,5916.336795091629,776.25
532,BeamRider,adam,0.0032237671680986012,0.4046286809174907,6.108749842686065e-05,348.5704090035685,5799.398942708969,338.56
533,SpaceInvaders,adam,0.0032237671680986012,0.4046286809174907,6.108749842686065e-05,199.9724163295329,9729.473996639252,165.8
534,Breakout,adam,0.0032237671680986012,0.4046286809174907,6.108749842686065e-05,4.442664689160796,5470.0998277664185,3.3
535,Qbert,adam,0.0032237671680986012,0.4046286809174907,6.108749842686065e-05,320.69271215456104,5360.444887638092,268.25
536,BeamRider,tdprop,0.0032237671680986012,0.4046286809174907,6.108749842686065e-05,1093.9036237471087,6741.197958946228,1338.32
537,SpaceInvaders,tdprop,0.0032237671680986012,0.4046286809174907,6.108749842686065e-05,350.7928707642658,7398.196377038956,439.1
538,Breakout,tdprop,0.0032237671680986012,0.4046286809174907,6.108749842686065e-05,26.298525704682607,6991.977029085159,35.76
539,Qbert,tdprop,0.0032237671680986012,0.4046286809174907,6.108749842686065e-05,155.59617456017233,7242.71270608902,150.25
540,BeamRider,sgd,0.20437053381614417,0.15175513631224513,0.00020254762026047717,1276.8482747234605,5428.63848567009,1504.56
541,SpaceInvaders,sgd,0.20437053381614417,0.15175513631224513,0.00020254762026047717,376.9417441532826,8833.630254983902,497.7
542,Breakout,sgd,0.20437053381614417,0.15175513631224513,0.00020254762026047717,33.3525641025641,5688.584909439087,156.46
543,Qbert,sgd,0.20437053381614417,0.15175513631224513,0.00020254762026047717,1370.521168201384,5718.740766048431,3300.5
544,BeamRider,adam,6.736630620472249e-05,0.15175513631224513,0.00020254762026047717,676.7963800904978,5576.0082840919495,664.16
545,SpaceInvaders,adam,6.736630620472249e-05,0.15175513631224513,0.00020254762026047717,284.39619332207354,5513.002964019775,326.5
546,Breakout,adam,6.736630620472249e-05,0.15175513631224513,0.00020254762026047717,5.685078115389347,7759.848266363144,9.76
547,Qbert,adam,6.736630620472249e-05,0.15175513631224513,0.00020254762026047717,448.85392385392385,5194.053271532059,409.25
548,BeamRider,tdprop,6.736630620472249e-05,0.15175513631224513,0.00020254762026047717,682.0328502415459,6735.472577571869,729.8
549,SpaceInvaders,tdprop,6.736630620472249e-05,0.15175513631224513,0.00020254762026047717,323.3163856352169,7536.139118909836,327.25
550,Breakout,tdprop,6.736630620472249e-05,0.15175513631224513,0.00020254762026047717,4.7304175813572,9747.790879011154,4.52
551,Qbert,tdprop,6.736630620472249e-05,0.15175513631224513,0.00020254762026047717,495.9231382086548,7723.6648914813995,516.75
552,BeamRider,sgd,0.033608897639441734,0.8818028956212935,0.0029656480685687943,730.0381928272008,5053.16153717041,856.92
553,SpaceInvaders,sgd,0.033608897639441734,0.8818028956212935,0.0029656480685687943,356.6306294355641,5617.062943458557,428.65
554,Breakout,sgd,0.033608897639441734,0.8818028956212935,0.0029656480685687943,4.767979592956278,6493.184190988541,10.22
555,Qbert,sgd,0.033608897639441734,0.8818028956212935,0.0029656480685687943,573.4635811836115,5414.744070768356,694.25
556,BeamRider,adam,0.0006493651744281247,0.8818028956212935,0.0029656480685687943,1135.623776557651,5608.350102424622,1613.0
557,SpaceInvaders,adam,0.0006493651744281247,0.8818028956212935,0.0029656480685687943,421.27825714896954,5518.155722141266,520.55
558,Breakout,adam,0.0006493651744281247,0.8818028956212935,0.0029656480685687943,32.31493149893058,5853.335104703903,107.89
559,Qbert,adam,0.0006493651744281247,0.8818028956212935,0.0029656480685687943,1219.0722341568205,5739.173021554947,2049.75
560,BeamRider,tdprop,0.0006493651744281247,0.8818028956212935,0.0029656480685687943,1217.4760652288269,6614.206325054169,1889.54
561,SpaceInvaders,tdprop,0.0006493651744281247,0.8818028956212935,0.0029656480685687943,421.66511060040216,8528.096179008484,544.3
562,Breakout,tdprop,0.0006493651744281247,0.8818028956212935,0.0029656480685687943,14.528636998603073,7632.179861545563,39.02
563,Qbert,tdprop,0.0006493651744281247,0.8818028956212935,0.0029656480685687943,1189.1311670812604,6677.450528860092,3094.0
564,BeamRider,sgd,0.0014687859762678138,0.367906417538424,0.0038377527642705937,674.1232761047003,5396.4575090408325,697.08
565,SpaceInvaders,sgd,0.0014687859762678138,0.367906417538424,0.0038377527642705937,184.43377777777778,4655.456522941589,324.1
566,Breakout,sgd,0.0014687859762678138,0.367906417538424,0.0038377527642705937,1.8206368471780958,6082.513485193253,1.82
567,Qbert,sgd,0.0014687859762678138,0.367906417538424,0.0038377527642705937,230.8715890309306,5651.461982011795,362.0
568,BeamRider,adam,1.2836134298861728e-05,0.367906417538424,0.0038377527642705937,471.9331184528606,5215.115159034729,463.52
569,SpaceInvaders,adam,1.2836134298861728e-05,0.367906417538424,0.0038377527642705937,296.3937409024745,6727.380732297897,338.95
570,Breakout,adam,1.2836134298861728e-05,0.367906417538424,0.0038377527642705937,1.6269177009481146,6256.682401895523,3.87
571,Qbert,adam,1.2836134298861728e-05,0.367906417538424,0.0038377527642705937,315.0364438797686,5209.546922683716,365.5
572,BeamRider,tdprop,1.2836134298861728e-05,0.367906417538424,0.0038377527642705937,456.454152070884,7213.399191617966,370.4
573,SpaceInvaders,tdprop,1.2836134298861728e-05,0.367906417538424,0.0038377527642705937,248.12479938370674,8520.53291273117,272.1
574,Breakout,tdprop,1.2836134298861728e-05,0.367906417538424,0.0038377527642705937,1.8400267393428291,9801.098249912262,2.9
575,Qbert,tdprop,1.2836134298861728e-05,0.367906417538424,0.0038377527642705937,256.986868844771,7226.570900440216,285.75
576,BeamRider,sgd,0.0036990773391625347,0.7959008147797627,0.0002746042736567916,550.9656088560886,5030.075768947601,512.64
577,SpaceInvaders,sgd,0.0036990773391625347,0.7959008147797627,0.0002746042736567916,332.40719017388903,5040.657737255096,358.9
578,Breakout,sgd,0.0036990773391625347,0.7959008147797627,0.0002746042736567916,2.613766067061007,7856.045939445496,3.26
579,Qbert,sgd,0.0036990773391625347,0.7959008147797627,0.0002746042736567916,307.27150269407304,5959.55366063118,261.25
580,BeamRider,adam,1.814093701335149e-05,0.7959008147797627,0.0002746042736567916,545.7153743570204,8864.705157756805,621.68
581,SpaceInvaders,adam,1.814093701335149e-05,0.7959008147797627,0.0002746042736567916,293.8025374301004,5596.481450557709,287.3
582,Breakout,adam,1.814093701335149e-05,0.7959008147797627,0.0002746042736567916,4.286235573659199,6095.59778881073,5.1
583,Qbert,adam,1.814093701335149e-05,0.7959008147797627,0.0002746042736567916,423.7173240689743,5115.219578027725,634.75
584,BeamRider,tdprop,1.814093701335149e-05,0.7959008147797627,0.0002746042736567916,546.1857359635812,8185.452545404434,579.24
585,SpaceInvaders,tdprop,1.814093701335149e-05,0.7959008147797627,0.0002746042736567916,327.67462648448475,6987.742985963821,344.25
586,Breakout,tdprop,1.814093701335149e-05,0.7959008147797627,0.0002746042736567916,4.321039182282794,7957.917631387711,6.19
587,Qbert,tdprop,1.814093701335149e-05,0.7959008147797627,0.0002746042736567916,437.43010201903786,8837.917742013931,592.75
588,BeamRider,sgd,0.023404387916867806,0.24433795061721908,0.0028778763344271593,838.9420289855072,6177.847795724869,1200.32
589,SpaceInvaders,sgd,0.023404387916867806,0.24433795061721908,0.0028778763344271593,317.8290651033632,4872.000232219696,355.05
590,Breakout,sgd,0.023404387916867806,0.24433795061721908,0.0028778763344271593,4.489687805379829,7021.660932064056,9.39
591,Qbert,sgd,0.023404387916867806,0.24433795061721908,0.0028778763344271593,529.0225744476465,4771.357015132904,567.25
592,BeamRider,adam,0.001483249721814624,0.24433795061721908,0.0028778763344271593,1057.2487738880434,5031.267909049988,1407.92
593,SpaceInvaders,adam,0.001483249721814624,0.24433795061721908,0.0028778763344271593,398.43557370961753,5068.663617134094,506.25
594,Breakout,adam,0.001483249721814624,0.24433795061721908,0.0028778763344271593,41.3363154406892,5657.80099439621,144.3
595,Qbert,adam,0.001483249721814624,0.24433795061721908,0.0028778763344271593,737.1411175120603,4854.595043182373,968.25
596,BeamRider,tdprop,0.001483249721814624,0.24433795061721908,0.0028778763344271593,1241.9284085727313,8606.902776956558,1607.54
597,SpaceInvaders,tdprop,0.001483249721814624,0.24433795061721908,0.0028778763344271593,405.07605439041254,8418.682420015335,500.55
598,Breakout,tdprop,0.001483249721814624,0.24433795061721908,0.0028778763344271593,30.30354163993327,6645.131987571716,72.26
599,Qbert,tdprop,0.001483249721814624,0.24433795061721908,0.0028778763344271593,673.9496294198178,7733.5241713523865,871.75
